6344;2022-11-14 10:33:08;59;0;0;400;327;331;0;1;ok
6348;2022-11-14 10:33:16;59;0;0;399;328;328;5;1;ok
6349;2022-11-14 10:33:19;59;0;0;399;327;328;8;1;ok
6350;2022-11-14 10:33:21;59;0;0;399;327;328;9;1;ok
6353;2022-11-14 10:33:27;59;0;0;399;328;327;13;1;ok
6354;2022-11-14 10:33:30;59;0;0;399;328;327;14;1;ok
6355;2022-11-14 10:33:32;59;0;0;399;327;326;14;1;ok
6356;2022-11-14 10:33:34;59;0;0;398;328;322;14;1;ok
6357;2022-11-14 10:33:36;59;0;0;398;329;345;14;1;ok
6358;2022-11-14 10:33:38;59;0;0;398;328;344;14;1;ok
6359;2022-11-14 10:33:41;59;0;0;398;327;347;14;1;ok
6360;2022-11-14 10:33:43;59;0;0;398;327;345;14;1;ok
6361;2022-11-14 10:33:45;59;0;0;398;328;345;14;1;ok
6362;2022-11-14 10:33:47;59;0;0;398;328;346;14;1;ok
6363;2022-11-14 10:33:49;59;0;0;398;328;345;15;1;ok
6368;2022-11-14 10:34:00;59;0;0;399;327;322;22;1;ok
6369;2022-11-14 10:34:02;59;0;0;398;328;321;23;1;ok
6370;2022-11-14 10:34:04;59;0;0;399;328;325;25;1;ok
6371;2022-11-14 10:34:07;59;0;0;399;327;327;27;1;ok
6372;2022-11-14 10:34:09;59;0;0;398;327;327;29;1;ok
6373;2022-11-14 10:34:11;59;0;0;399;327;326;31;1;ok
6374;2022-11-14 10:34:14;59;0;0;399;327;327;33;1;ok
6375;2022-11-14 10:34:16;59;0;0;399;327;327;35;1;ok
6376;2022-11-14 10:34:18;59;0;0;399;327;327;38;1;ok
6403;2022-11-14 10:35:22;59;0;0;399;327;327;74;1;ok
6404;2022-11-14 10:35:24;59;0;0;398;328;327;75;1;ok
6411;2022-11-14 10:35:41;59;0;0;399;327;324;86;1;ok
6412;2022-11-14 10:35:44;59;0;0;399;327;325;89;1;ok
6413;2022-11-14 10:35:46;59;0;0;394;327;313;91;1;ok
6414;2022-11-14 10:35:48;59;0;0;394;327;313;91;1;ok
6587;2022-11-14 10:42:37;59;0;0;399;327;335;7;1;ok
6588;2022-11-14 10:42:40;59;0;0;399;327;335;8;1;ok
6589;2022-11-14 10:42:42;59;0;0;399;327;334;8;1;ok
6590;2022-11-14 10:42:44;59;0;0;399;326;332;10;1;ok
6591;2022-11-14 10:42:46;59;0;0;399;328;333;12;1;ok
6592;2022-11-14 10:42:49;59;0;0;399;327;331;14;1;ok
6593;2022-11-14 10:42:51;59;0;0;399;326;331;17;1;ok
6595;2022-11-14 10:42:55;59;0;0;400;326;330;20;1;ok
6596;2022-11-14 10:42:57;59;0;0;400;326;330;20;1;ok
6598;2022-11-14 10:43:02;59;0;0;399;327;328;23;1;ok
6599;2022-11-14 10:43:04;59;0;0;399;327;326;25;1;ok
6600;2022-11-14 10:43:06;59;0;0;399;327;326;27;1;ok
6601;2022-11-14 10:43:08;59;0;0;398;326;325;29;1;ok
6602;2022-11-14 10:43:11;59;0;0;398;327;325;31;1;ok
6603;2022-11-14 10:43:13;59;0;0;398;327;326;34;1;ok
6604;2022-11-14 10:43:15;59;0;0;399;327;325;35;1;ok
6605;2022-11-14 10:43:17;59;0;0;398;326;325;37;1;ok
6607;2022-11-14 10:43:22;59;0;0;400;326;328;42;1;ok
6608;2022-11-14 10:43:24;59;0;0;400;326;328;42;1;ok
6609;2022-11-14 10:43:26;59;0;0;399;326;324;43;1;ok
6610;2022-11-14 10:43:28;59;0;0;399;328;330;45;1;ok
6611;2022-11-14 10:43:31;59;0;0;399;327;328;47;1;ok
6614;2022-11-14 10:43:37;59;0;0;399;328;326;51;1;ok
6615;2022-11-14 10:43:40;59;0;0;399;327;327;52;1;ok
6616;2022-11-14 10:43:42;59;0;0;399;327;327;52;1;ok
6619;2022-11-14 10:43:48;59;0;0;398;328;325;57;1;ok
6620;2022-11-14 10:43:51;59;0;0;398;327;326;59;1;ok
6621;2022-11-14 10:43:53;59;0;0;393;328;320;61;1;ok
6622;2022-11-14 10:43:55;59;0;0;399;327;326;63;1;ok
6623;2022-11-14 10:43:57;59;0;0;399;327;326;65;1;ok
6624;2022-11-14 10:44:00;59;0;0;399;327;325;67;1;ok
6625;2022-11-14 10:44:02;59;0;0;399;327;326;69;1;ok
6626;2022-11-14 10:44:04;59;0;0;399;327;325;71;1;ok
6627;2022-11-14 10:44:07;59;0;0;399;327;326;73;1;ok
6628;2022-11-14 10:44:09;59;0;0;399;326;325;75;1;ok
6629;2022-11-14 10:44:11;59;0;0;399;327;325;77;1;ok
6658;2022-11-14 10:45:37;59;0;0;398;328;327;79;1;ok
6659;2022-11-14 10:45:39;59;0;0;399;326;330;0;1;ok
6660;2022-11-14 10:45:41;59;0;0;399;327;327;1;1;ok
6661;2022-11-14 10:45:43;59;0;0;399;327;326;2;1;ok
6662;2022-11-14 10:45:45;59;0;0;399;326;326;3;1;ok
6663;2022-11-14 10:45:47;59;0;0;399;328;327;4;1;ok
6664;2022-11-14 10:45:49;59;0;0;399;327;329;5;1;ok
6665;2022-11-14 10:45:51;59;0;0;399;328;327;6;1;ok
6666;2022-11-14 10:45:52;59;0;0;398;327;327;7;1;ok
6669;2022-11-14 10:45:58;59;0;0;397;328;317;11;1;ok
6670;2022-11-14 10:46:00;59;0;0;394;328;308;12;1;ok
6671;2022-11-14 10:46:02;59;0;0;394;327;308;13;1;ok
6672;2022-11-14 10:46:04;59;0;0;398;327;345;15;1;ok
6673;2022-11-14 10:46:06;59;0;0;399;327;338;16;1;ok
6674;2022-11-14 10:46:08;59;0;0;399;327;338;18;1;ok
6675;2022-11-14 10:46:11;59;0;0;399;327;336;20;1;ok
6676;2022-11-14 10:46:13;59;0;0;399;327;336;21;1;ok
6677;2022-11-14 10:46:15;59;0;0;400;327;334;23;1;ok
6678;2022-11-14 10:46:18;59;0;0;399;328;336;25;1;ok
6679;2022-11-14 10:46:20;59;0;0;399;327;336;25;1;ok
6680;2022-11-14 10:46:23;59;0;0;399;328;335;27;1;ok
6681;2022-11-14 10:46:24;59;0;0;400;327;331;28;1;ok
6683;2022-11-14 10:46:31;59;0;0;400;327;328;32;1;ok
6684;2022-11-14 10:46:33;59;0;0;399;326;329;32;1;ok
6685;2022-11-14 10:47:00;59;0;0;398;327;330;33;1;ok
6686;2022-11-14 10:47:02;59;0;0;399;327;328;0;1;ok
6687;2022-11-14 10:47:04;59;0;0;399;328;322;1;1;ok
6688;2022-11-14 10:47:06;59;0;0;398;326;319;2;1;ok
6689;2022-11-14 10:47:08;59;0;0;398;327;319;2;1;ok
6690;2022-11-14 10:47:10;59;0;0;398;324;328;3;1;ok
6691;2022-11-14 10:47:12;59;0;0;399;328;321;4;1;ok
6692;2022-11-14 10:47:14;59;0;0;399;328;326;5;1;ok
6693;2022-11-14 10:47:16;59;0;0;399;328;324;6;1;ok
6694;2022-11-14 10:47:18;59;0;0;399;327;325;7;1;ok
6695;2022-11-14 10:47:20;59;0;0;399;327;325;8;1;ok
6696;2022-11-14 10:47:22;59;0;0;399;328;326;8;1;ok
6707;2022-11-14 10:48:08;59;0;0;400;328;327;9;1;ok
6708;2022-11-14 10:48:10;59;0;0;265;328;339;0;2;ok
6709;2022-11-14 10:48:12;59;0;0;265;328;336;0;2;ok
6710;2022-11-14 10:48:14;59;0;0;265;328;336;1;2;ok
6711;2022-11-14 10:48:16;59;0;0;265;329;335;2;2;ok
6712;2022-11-14 10:48:18;59;0;0;265;329;334;3;2;ok
6713;2022-11-14 10:48:20;59;0;0;267;329;313;4;2;ok
6714;2022-11-14 10:48:22;59;0;0;271;329;303;5;2;ok
6715;2022-11-14 10:48:24;59;0;0;271;329;303;5;2;ok
6716;2022-11-14 10:48:26;59;0;0;266;329;351;6;2;ok
6717;2022-11-14 10:48:28;59;0;0;265;328;337;7;2;ok
6718;2022-11-14 10:48:30;59;0;0;265;329;336;8;2;ok
6719;2022-11-14 10:48:33;59;0;0;265;328;338;9;2;ok
6720;2022-11-14 10:48:35;59;0;0;265;328;338;9;2;ok
6721;2022-11-14 10:48:36;59;0;0;264;328;339;10;2;ok
6722;2022-11-14 10:48:38;59;0;0;265;328;337;11;2;ok
6723;2022-11-14 10:48:41;59;0;0;265;329;337;12;2;ok
6724;2022-11-14 10:48:43;59;0;0;265;328;336;12;2;ok
6725;2022-11-14 10:48:45;59;0;0;264;329;338;13;2;ok
6726;2022-11-14 10:48:47;59;0;0;265;329;338;14;2;ok
6727;2022-11-14 10:48:49;59;0;0;265;330;337;15;2;ok
6728;2022-11-14 10:48:51;59;0;0;265;328;336;15;2;ok
6729;2022-11-14 10:48:53;59;0;0;264;330;333;16;2;ok
6730;2022-11-14 10:48:55;59;0;0;264;328;335;17;2;ok
6731;2022-11-14 10:48:57;59;0;0;264;326;337;18;2;ok
6732;2022-11-14 10:48:59;59;0;0;266;329;322;18;2;ok
6733;2022-11-14 10:49:01;59;0;0;266;328;349;19;2;ok
6734;2022-11-14 10:49:03;59;0;0;264;329;336;20;2;ok
6735;2022-11-14 10:49:05;59;0;0;265;328;344;21;2;ok
6736;2022-11-14 10:49:07;59;0;0;265;329;343;22;2;ok
6737;2022-11-14 10:49:09;59;0;0;265;329;343;23;2;ok
6738;2022-11-14 10:49:11;59;0;0;266;327;344;24;2;ok
6739;2022-11-14 10:49:13;59;0;0;265;330;341;25;2;ok
6740;2022-11-14 10:49:15;59;0;0;265;328;340;26;2;ok
6741;2022-11-14 10:49:17;59;0;0;265;328;338;26;2;ok
6742;2022-11-14 10:49:19;59;0;0;264;330;340;27;2;ok
6743;2022-11-14 10:49:21;59;0;0;265;328;341;27;2;ok
6744;2022-11-14 10:49:23;59;0;0;265;329;339;28;2;ok
6745;2022-11-14 10:49:25;59;0;0;264;328;340;29;2;ok
6746;2022-11-14 10:49:27;59;0;0;265;328;339;30;2;ok
6747;2022-11-14 10:49:29;59;0;0;265;329;340;31;2;ok
6748;2022-11-14 10:49:31;59;0;0;265;328;339;32;2;ok
6749;2022-11-14 10:49:34;59;0;0;265;329;338;32;2;ok
6750;2022-11-14 10:49:36;59;0;0;265;325;338;32;2;ok
6751;2022-11-14 10:49:38;59;0;0;265;328;336;33;2;ok
6752;2022-11-14 10:49:40;59;0;0;265;328;337;35;2;ok
6753;2022-11-14 10:49:42;59;0;0;265;328;337;35;2;ok
6754;2022-11-14 10:49:44;59;0;0;265;329;338;36;2;ok
6755;2022-11-14 10:49:46;59;0;0;265;329;337;36;2;ok
6762;2022-11-14 10:50:04;59;0;0;264;329;333;44;2;ok
6763;2022-11-14 10:50:06;59;0;0;264;328;333;44;2;ok
6764;2022-11-14 10:50:08;59;0;0;264;329;333;45;2;ok
6765;2022-11-14 10:50:10;59;0;0;264;329;333;46;2;ok
6766;2022-11-14 10:50:12;59;0;0;265;329;335;47;2;ok
6767;2022-11-14 10:50:14;59;0;0;264;329;333;48;2;ok
6768;2022-11-14 10:50:16;59;0;0;264;329;333;48;2;ok
6769;2022-11-14 10:50:18;59;0;0;264;329;332;49;2;ok
6770;2022-11-14 10:50:20;59;0;0;264;328;334;50;2;ok
6771;2022-11-14 10:50:22;59;0;0;264;328;332;51;2;ok
6772;2022-11-14 10:50:24;59;0;0;264;328;333;52;2;ok
6773;2022-11-14 10:50:26;59;0;0;265;328;334;52;2;ok
6774;2022-11-14 10:50:28;59;0;0;264;328;334;53;2;ok
6775;2022-11-14 10:50:30;59;0;0;263;328;332;54;2;ok
6776;2022-11-14 10:50:32;59;0;0;264;329;336;55;2;ok
6777;2022-11-14 10:50:34;59;0;0;265;325;332;56;2;ok
6778;2022-11-14 10:50:36;59;0;0;264;330;335;56;2;ok
6779;2022-11-14 10:50:38;59;0;0;265;328;335;57;2;ok
6780;2022-11-14 10:50:40;59;0;0;263;329;334;58;2;ok
6781;2022-11-14 10:50:42;59;0;0;264;328;334;59;2;ok
6782;2022-11-14 10:50:44;59;0;0;264;328;334;60;2;ok
6783;2022-11-14 10:50:46;59;0;0;265;328;334;61;2;ok
6784;2022-11-14 10:50:48;59;0;0;264;328;335;62;2;ok
6785;2022-11-14 10:50:50;59;0;0;264;328;334;63;2;ok
6786;2022-11-14 10:50:52;59;0;0;265;329;335;64;2;ok
6787;2022-11-14 10:50:54;59;0;0;265;330;335;65;2;ok
6788;2022-11-14 10:50:56;59;0;0;264;328;333;66;2;ok
6789;2022-11-14 10:50:58;59;0;0;264;329;336;67;2;ok
6790;2022-11-14 10:51:00;59;0;0;265;328;336;68;2;ok
6791;2022-11-14 10:51:02;59;0;0;264;329;334;69;2;ok
6792;2022-11-14 10:51:04;59;0;0;264;329;329;69;2;ok
6793;2022-11-14 10:51:06;59;0;0;265;329;334;70;2;ok
6794;2022-11-14 10:51:08;59;0;0;264;328;334;71;2;ok
6795;2022-11-14 10:51:10;59;0;0;264;328;334;71;2;ok
6796;2022-11-14 10:51:12;59;0;0;265;329;333;72;2;ok
6797;2022-11-14 10:51:15;59;0;0;264;329;334;73;2;ok
6798;2022-11-14 10:51:16;59;0;0;265;329;331;73;2;ok
6799;2022-11-14 10:51:18;59;0;0;265;328;331;74;2;ok
6800;2022-11-14 10:51:20;59;0;0;264;329;329;75;2;ok
6801;2022-11-14 10:51:22;59;0;0;265;329;330;76;2;ok
6802;2022-11-14 10:51:25;59;0;0;266;329;333;77;2;ok
6803;2022-11-14 10:51:26;59;0;0;264;329;335;78;2;ok
6804;2022-11-14 10:51:28;59;0;0;265;328;330;79;2;ok
6805;2022-11-14 10:51:30;59;0;0;264;328;330;80;2;ok
6806;2022-11-14 10:51:32;59;0;0;264;329;331;81;2;ok
6807;2022-11-14 10:51:34;59;0;0;265;329;321;82;2;ok
6808;2022-11-14 10:51:36;59;0;0;265;329;324;83;2;ok
6809;2022-11-14 10:51:38;59;0;0;266;328;323;83;2;ok
6810;2022-11-14 10:51:41;59;0;0;265;328;323;85;2;ok
6811;2022-11-14 10:51:42;59;0;0;265;328;323;85;2;ok
6812;2022-11-14 10:51:44;59;0;0;265;330;329;86;2;ok
6813;2022-11-14 10:51:48;59;0;0;265;329;331;87;2;ok
6814;2022-11-14 10:51:49;59;0;0;264;329;331;87;2;ok
6815;2022-11-14 10:51:51;59;0;0;265;329;331;88;2;ok
6816;2022-11-14 10:51:53;59;0;0;264;329;331;89;2;ok
6817;2022-11-14 10:51:55;59;0;0;264;329;332;90;2;ok
6818;2022-11-14 10:51:57;59;0;0;265;328;332;90;2;ok
6819;2022-11-14 10:51:59;59;0;0;264;329;332;91;2;ok
6820;2022-11-14 10:52:01;59;0;0;264;328;331;92;2;ok
6821;2022-11-14 10:52:03;59;0;0;264;329;331;93;2;ok
6822;2022-11-14 10:52:05;59;0;0;265;328;332;94;2;ok
6823;2022-11-14 10:52:07;59;0;0;264;329;331;95;2;ok
6824;2022-11-14 10:52:09;59;0;0;264;329;334;96;2;ok
6825;2022-11-14 10:52:11;59;0;0;265;329;337;97;2;ok
6826;2022-11-14 10:52:13;59;0;0;264;329;330;97;2;ok
6827;2022-11-14 10:52:15;59;0;0;264;329;333;98;2;ok
6848;2022-11-14 10:54:07;59;0;0;336;328;400;5;3;ok
6849;2022-11-14 10:54:09;59;0;0;336;328;400;5;3;ok
6850;2022-11-14 10:54:11;59;0;0;336;328;400;7;3;ok
6851;2022-11-14 10:54:13;59;0;0;335;327;400;8;3;ok
6852;2022-11-14 10:54:15;59;0;0;336;328;401;9;3;ok
6853;2022-11-14 10:54:17;59;0;0;335;327;400;10;3;ok
6854;2022-11-14 10:54:19;59;0;0;336;328;400;11;3;ok
6855;2022-11-14 10:54:21;59;0;0;336;327;400;12;3;ok
6856;2022-11-14 10:54:23;59;0;0;336;327;400;13;3;ok
6857;2022-11-14 10:54:25;59;0;0;335;328;400;14;3;ok
6858;2022-11-14 10:54:27;59;0;0;335;328;400;15;3;ok
6859;2022-11-14 10:54:29;59;0;0;335;328;400;16;3;ok
6860;2022-11-14 10:54:31;59;0;0;335;328;400;16;3;ok
6861;2022-11-14 10:54:33;59;0;0;336;328;401;17;3;ok
6862;2022-11-14 10:54:35;59;0;0;335;328;400;18;3;ok
6863;2022-11-14 10:54:37;59;0;0;336;327;400;19;3;ok
6864;2022-11-14 10:54:39;59;0;0;336;328;400;20;3;ok
6865;2022-11-14 10:54:41;59;0;0;336;328;401;20;3;ok
6866;2022-11-14 10:54:43;59;0;0;336;328;401;21;3;ok
6867;2022-11-14 10:54:45;59;0;0;336;328;400;22;3;ok
6868;2022-11-14 10:54:47;59;0;0;336;328;400;23;3;ok
6869;2022-11-14 10:54:49;59;0;0;335;328;401;24;3;ok
6870;2022-11-14 10:54:51;59;0;0;336;329;401;26;3;ok
6871;2022-11-14 10:54:53;59;0;0;336;329;401;26;3;ok
6872;2022-11-14 10:54:55;59;0;0;336;328;400;27;3;ok
6873;2022-11-14 10:54:57;59;0;0;335;329;401;28;3;ok
6874;2022-11-14 10:54:59;59;0;0;336;328;400;29;3;ok
6875;2022-11-14 10:55:01;59;0;0;336;328;400;30;3;ok
6876;2022-11-14 10:55:03;59;0;0;335;327;400;31;3;ok
6877;2022-11-14 10:55:05;59;0;0;336;327;400;32;3;ok
6878;2022-11-14 10:55:07;59;0;0;336;327;400;32;3;ok
6879;2022-11-14 10:55:09;59;0;0;335;327;401;34;3;ok
6880;2022-11-14 10:55:11;59;0;0;335;327;401;34;3;ok
6881;2022-11-14 10:55:13;59;0;0;335;327;401;36;3;ok
6882;2022-11-14 10:55:15;59;0;0;335;327;401;36;3;ok
6883;2022-11-14 10:55:17;59;0;0;336;328;400;37;3;ok
6884;2022-11-14 10:55:19;59;0;0;336;328;400;38;3;ok
6885;2022-11-14 10:55:21;59;0;0;336;327;400;39;3;ok
6886;2022-11-14 10:55:23;59;0;0;336;327;400;40;3;ok
6887;2022-11-14 10:55:25;59;0;0;336;328;400;41;3;ok
6888;2022-11-14 10:55:27;59;0;0;336;329;400;42;3;ok
6889;2022-11-14 10:55:29;59;0;0;336;328;401;43;3;ok
6890;2022-11-14 10:55:31;59;0;0;336;327;400;44;3;ok
6891;2022-11-14 10:55:33;59;0;0;336;328;400;45;3;ok
6892;2022-11-14 10:55:35;59;0;0;335;327;400;46;3;ok
6893;2022-11-14 10:55:37;59;0;0;335;328;401;47;3;ok
6894;2022-11-14 10:55:40;59;0;0;336;327;400;47;3;ok
6895;2022-11-14 10:55:42;59;0;0;336;327;400;47;3;ok
6896;2022-11-14 10:55:44;59;0;0;335;328;400;48;3;ok
6897;2022-11-14 10:55:46;59;0;0;335;327;400;49;3;ok
6898;2022-11-14 10:55:48;59;0;0;336;328;401;50;3;ok
6899;2022-11-14 10:55:50;59;0;0;336;328;400;51;3;ok
6900;2022-11-14 10:55:52;59;0;0;335;327;400;52;3;ok
6901;2022-11-14 10:55:54;59;0;0;336;327;400;53;3;ok
6902;2022-11-14 10:55:56;59;0;0;336;327;400;54;3;ok
6903;2022-11-14 10:55:57;59;0;0;335;328;400;55;3;ok
6904;2022-11-14 10:56:00;59;0;0;336;329;400;57;3;ok
6905;2022-11-14 10:56:01;59;0;0;336;329;400;57;3;ok
6906;2022-11-14 10:56:03;59;0;0;335;328;401;58;3;ok
6907;2022-11-14 10:56:05;59;0;0;336;327;400;59;3;ok
6908;2022-11-14 10:56:07;59;0;0;336;328;400;60;3;ok
6909;2022-11-14 10:56:09;59;0;0;336;327;400;61;3;ok
6910;2022-11-14 10:56:11;59;0;0;335;327;400;62;3;ok
6911;2022-11-14 10:56:13;59;0;0;336;328;400;63;3;ok
6912;2022-11-14 10:56:15;59;0;0;336;328;400;64;3;ok
6913;2022-11-14 10:56:17;59;0;0;336;328;400;66;3;ok
6914;2022-11-14 10:56:19;59;0;0;336;328;400;66;3;ok
6915;2022-11-14 10:56:22;59;0;0;336;327;400;67;3;ok
6916;2022-11-14 10:56:24;59;0;0;335;327;400;67;3;ok
6917;2022-11-14 10:56:26;59;0;0;336;328;400;67;3;ok
6918;2022-11-14 10:56:28;59;0;0;336;328;401;68;3;ok
6919;2022-11-14 10:56:30;59;0;0;336;328;401;69;3;ok
6920;2022-11-14 10:56:32;59;0;0;336;328;401;69;3;ok
6921;2022-11-14 10:56:34;59;0;0;336;328;400;70;3;ok
6922;2022-11-14 10:56:36;59;0;0;335;327;400;71;3;ok
6923;2022-11-14 10:56:38;59;0;0;335;328;401;72;3;ok
6924;2022-11-14 10:56:40;59;0;0;335;328;400;72;3;ok
6925;2022-11-14 10:56:42;59;0;0;336;329;401;73;3;ok
6926;2022-11-14 10:56:44;59;0;0;335;328;400;74;3;ok
6927;2022-11-14 10:56:46;59;0;0;335;328;400;75;3;ok
6928;2022-11-14 10:56:48;59;0;0;335;327;401;76;3;ok
6929;2022-11-14 10:56:50;59;0;0;336;328;400;77;3;ok
6930;2022-11-14 10:56:52;59;0;0;336;328;400;78;3;ok
6931;2022-11-14 10:56:54;59;0;0;336;328;401;79;3;ok
6932;2022-11-14 10:56:56;59;0;0;335;328;400;80;3;ok
6933;2022-11-14 10:56:58;59;0;0;336;328;400;81;3;ok
6934;2022-11-14 10:57:00;59;0;0;336;328;400;82;3;ok
6935;2022-11-14 10:57:02;59;0;0;335;327;400;82;3;ok
6936;2022-11-14 10:57:04;59;0;0;335;328;401;83;3;ok
6937;2022-11-14 10:57:06;59;0;0;336;327;401;84;3;ok
6938;2022-11-14 10:57:08;59;0;0;336;328;400;85;3;ok
6939;2022-11-14 10:57:10;59;0;0;336;328;400;86;3;ok
6940;2022-11-14 10:57:12;59;0;0;336;328;401;87;3;ok
6941;2022-11-14 10:57:14;59;0;0;335;327;400;88;3;ok
6942;2022-11-14 10:57:16;59;0;0;336;328;400;89;3;ok
6943;2022-11-14 10:57:18;59;0;0;336;327;400;90;3;ok
6944;2022-11-14 10:57:20;59;0;0;336;329;401;91;3;ok
6945;2022-11-14 10:57:22;59;0;0;336;328;400;92;3;ok
6946;2022-11-14 10:57:24;59;0;0;336;327;401;93;3;ok
6947;2022-11-14 10:57:26;59;0;0;335;328;400;94;3;ok
6948;2022-11-14 10:57:28;59;0;0;335;327;400;95;3;ok
6949;2022-11-14 10:57:30;59;0;0;336;327;400;96;3;ok
6950;2022-11-14 10:57:32;59;0;0;336;327;400;97;3;ok
6951;2022-11-14 10:57:34;59;0;0;336;328;400;98;3;ok
6952;2022-11-14 10:58:22;59;0;0;336;328;401;99;3;ok
6953;2022-11-14 10:58:24;59;0;0;330;328;270;0;4;ok
6954;2022-11-14 10:58:26;59;0;0;330;329;267;1;4;ok
6955;2022-11-14 10:58:28;59;0;0;330;327;268;2;4;ok
6956;2022-11-14 10:58:30;59;0;0;330;326;267;3;4;ok
6957;2022-11-14 10:58:32;59;0;0;330;326;267;3;4;ok
6958;2022-11-14 10:58:34;59;0;0;330;326;267;4;4;ok
6959;2022-11-14 10:58:36;59;0;0;331;325;269;5;4;ok
6960;2022-11-14 10:58:38;59;0;0;329;326;266;6;4;ok
6961;2022-11-14 10:58:40;59;0;0;330;325;267;6;4;ok
6962;2022-11-14 10:58:42;59;0;0;330;326;268;7;4;ok
6963;2022-11-14 10:58:44;59;0;0;330;326;268;8;4;ok
6964;2022-11-14 10:58:46;59;0;0;331;329;273;9;4;ok
6965;2022-11-14 10:58:48;59;0;0;329;328;267;10;4;ok
6966;2022-11-14 10:58:50;59;0;0;327;327;265;10;4;ok
6967;2022-11-14 10:58:52;59;0;0;327;329;268;11;4;ok
6968;2022-11-14 10:58:54;59;0;0;326;326;267;12;4;ok
6969;2022-11-14 10:58:56;59;0;0;326;329;267;13;4;ok
6970;2022-11-14 10:58:59;59;0;0;327;328;268;13;4;ok
6971;2022-11-14 10:59:01;59;0;0;326;326;267;14;4;ok
6972;2022-11-14 10:59:03;59;0;0;326;327;267;14;4;ok
6973;2022-11-14 10:59:05;59;0;0;325;326;269;15;4;ok
6974;2022-11-14 10:59:07;59;0;0;325;326;269;15;4;ok
6975;2022-11-14 10:59:09;59;0;0;331;328;264;16;4;ok
6976;2022-11-14 10:59:11;59;0;0;331;330;267;17;4;ok
6977;2022-11-14 10:59:13;59;0;0;330;327;268;18;4;ok
6978;2022-11-14 10:59:15;59;0;0;330;328;268;19;4;ok
6979;2022-11-14 10:59:17;59;0;0;330;327;267;20;4;ok
6980;2022-11-14 10:59:19;59;0;0;329;329;266;21;4;ok
6981;2022-11-14 10:59:21;59;0;0;330;327;267;22;4;ok
6982;2022-11-14 10:59:23;59;0;0;330;327;268;23;4;ok
6984;2022-11-14 10:59:28;59;0;0;328;327;268;27;4;ok
6986;2022-11-14 10:59:33;59;0;0;325;325;268;31;4;ok
6988;2022-11-14 10:59:38;59;0;0;326;324;268;35;4;ok
6990;2022-11-14 10:59:42;59;0;0;327;325;268;39;4;ok
6992;2022-11-14 10:59:47;59;0;0;327;325;267;43;4;ok
6994;2022-11-14 10:59:51;59;0;0;326;326;267;46;4;ok
6995;2022-11-14 10:59:54;59;0;0;328;325;268;48;4;ok
6996;2022-11-14 10:59:56;59;0;0;327;325;268;48;4;ok
6997;2022-11-14 10:59:58;59;0;0;327;327;268;49;4;ok
6998;2022-11-14 11:00:00;59;0;0;325;328;267;51;4;ok
6999;2022-11-14 11:00:02;59;0;0;325;327;267;52;4;ok
7000;2022-11-14 11:00:04;59;0;0;327;326;269;52;4;ok
7001;2022-11-14 11:00:07;59;0;0;327;328;268;52;4;ok
7002;2022-11-14 11:00:09;59;0;0;327;328;268;52;4;ok
7003;2022-11-14 11:00:10;59;0;0;328;327;266;53;4;ok
7004;2022-11-14 11:00:12;59;0;0;325;331;267;54;4;ok
7005;2022-11-14 11:00:14;59;0;0;337;328;264;55;4;ok
7006;2022-11-14 11:00:16;59;0;0;332;329;266;56;4;ok
7007;2022-11-14 11:00:18;59;0;0;296;324;275;57;4;ok
7008;2022-11-14 11:00:21;59;0;0;325;330;267;58;4;ok
7009;2022-11-14 11:00:23;59;0;0;325;330;267;58;4;ok
7010;2022-11-14 11:00:25;59;0;0;330;329;267;59;4;ok
7011;2022-11-14 11:00:27;59;0;0;329;329;267;59;4;ok
7012;2022-11-14 11:00:29;59;0;0;329;329;268;60;4;ok
7013;2022-11-14 11:00:31;59;0;0;330;328;268;61;4;ok
7014;2022-11-14 11:00:33;59;0;0;329;328;267;61;4;ok
7015;2022-11-14 11:00:35;59;0;0;331;329;270;63;4;ok
7016;2022-11-14 11:00:37;59;0;0;331;329;270;63;4;ok
7017;2022-11-14 11:00:39;59;0;0;324;328;268;63;4;ok
7018;2022-11-14 11:00:41;59;0;0;323;328;268;64;4;ok
7019;2022-11-14 11:00:43;59;0;0;321;327;268;65;4;ok
7020;2022-11-14 11:00:46;59;0;0;319;327;267;66;4;ok
7021;2022-11-14 11:00:47;59;0;0;321;327;268;67;4;ok
7022;2022-11-14 11:00:49;59;0;0;319;326;269;68;4;ok
7023;2022-11-14 11:00:51;59;0;0;320;326;269;69;4;ok
7024;2022-11-14 11:00:53;59;0;0;321;326;268;69;4;ok
7025;2022-11-14 11:00:55;59;0;0;320;326;269;70;4;ok
7026;2022-11-14 11:00:57;59;0;0;321;327;269;71;4;ok
7027;2022-11-14 11:00:59;59;0;0;315;326;270;73;4;ok
7028;2022-11-14 11:01:01;59;0;0;315;326;270;73;4;ok
7029;2022-11-14 11:01:03;59;0;0;319;327;269;74;4;ok
7030;2022-11-14 11:01:05;59;0;0;331;329;268;75;4;ok
7031;2022-11-14 11:01:08;59;0;0;330;330;268;76;4;ok
7032;2022-11-14 11:01:10;59;0;0;330;330;268;76;4;ok
7033;2022-11-14 11:01:12;59;0;0;329;329;268;77;4;ok
7034;2022-11-14 11:01:14;59;0;0;329;330;267;77;4;ok
7035;2022-11-14 11:01:16;59;0;0;327;329;266;78;4;ok
7036;2022-11-14 11:01:18;59;0;0;326;329;268;79;4;ok
7037;2022-11-14 11:01:20;59;0;0;326;329;268;79;4;ok
7038;2022-11-14 11:01:22;59;0;0;326;328;268;80;4;ok
7039;2022-11-14 11:01:24;59;0;0;325;329;268;81;4;ok
7040;2022-11-14 11:01:26;59;0;0;325;329;267;82;4;ok
7041;2022-11-14 11:01:28;59;0;0;324;329;268;83;4;ok
7042;2022-11-14 11:01:30;59;0;0;325;329;267;84;4;ok
7043;2022-11-14 11:01:32;59;0;0;326;330;267;85;4;ok
7044;2022-11-14 11:01:34;59;0;0;325;330;268;86;4;ok
7045;2022-11-14 11:01:36;59;0;0;326;329;268;86;4;ok
7046;2022-11-14 11:01:38;59;0;0;326;330;268;87;4;ok
7047;2022-11-14 11:01:40;59;0;0;325;330;268;88;4;ok
7048;2022-11-14 11:01:42;59;0;0;325;329;268;89;4;ok
7049;2022-11-14 11:01:44;59;0;0;325;330;268;90;4;ok
7050;2022-11-14 11:01:46;59;0;0;325;329;267;91;4;ok
7051;2022-11-14 11:01:48;59;0;0;325;329;267;92;4;ok
7052;2022-11-14 11:01:50;59;0;0;326;331;268;93;4;ok
7053;2022-11-14 11:01:52;59;0;0;326;331;268;93;4;ok
7054;2022-11-14 11:01:55;59;0;0;324;331;267;93;4;ok
7056;2022-11-14 11:01:58;59;0;0;324;330;267;95;4;ok

